<?xml version="1.0" encoding="UTF-8"?>

<channel name="thunar" version="1.0">
  <property name="last-view" type="string" value="ThunarIconView"/>
  <property name="last-icon-view-zoom-level" type="string" value="THUNAR_ZOOM_LEVEL_100_PERCENT"/>
  <property name="misc-single-click" type="bool" value="false"/>
  <property name="misc-volume-management" type="bool" value="false"/>
  <property name="shortcuts-icon-size" type="string" value="THUNAR_ICON_SIZE_32"/>
  <property name="last-window-width" type="int" value="818"/>
  <property name="last-window-height" type="int" value="588"/>
  <property name="last-window-maximized" type="bool" value="false"/>
  <property name="last-separator-position" type="int" value="170"/>
  <property name="last-show-hidden" type="bool" value="false"/>
</channel>
