<?xml version="1.0" encoding="UTF-8"?>

<channel name="xfce4-desktop" version="1.0">
  <property name="backdrop" type="empty">
    <property name="screen0" type="empty">
      <property name="monitor0" type="empty">
        <property name="image-path" type="string" value="/usr/local/share/backgrounds/nomadbsd/default.jpg"/>
        <property name="last-image" type="string" value="/usr/local/share/backgrounds/nomadbsd/default.jpg"/>
        <property name="last-single-image" type="string" value="/usr/local/share/backgrounds/nomadbsd/default.jpg"/>
        <property name="image-style" type="int" value="5"/>
      </property>
      <property name="monitor1" type="empty">
        <property name="image-path" type="string" value="/usr/local/share/backgrounds/nomadbsd/default.jpg"/>
        <property name="last-image" type="string" value="/usr/local/share/backgrounds/nomadbsd/default.jpg"/>
        <property name="last-single-image" type="string" value="/usr/local/share/backgrounds/nomadbsd/default.jpg"/>
        <property name="image-style" type="int" value="5"/>
      </property>
      <property name="monitor2" type="empty">
        <property name="image-path" type="string" value="/usr/local/share/backgrounds/nomadbsd/default.jpg"/>
        <property name="last-image" type="string" value="/usr/local/share/backgrounds/nomadbsd/default.jpg"/>
        <property name="last-single-image" type="string" value="/usr/local/share/backgrounds/nomadbsd/default.jpg"/>
        <property name="image-style" type="int" value="5"/>
      </property>
      <property name="monitor3" type="empty">
        <property name="image-path" type="string" value="/usr/local/share/backgrounds/nomadbsd/default.jpg"/>
        <property name="last-image" type="string" value="/usr/local/share/backgrounds/nomadbsd/default.jpg"/>
        <property name="last-single-image" type="string" value="/usr/local/share/backgrounds/nomadbsd/default.jpg"/>
        <property name="image-style" type="int" value="5"/>
      </property>
    </property>
  </property>
  <property name="desktop-icons" type="empty">
    <property name="style" type="int" value="2"/>
    <property name="file-icons" type="empty">
      <property name="show-removable" type="bool" value="false"/>
    </property>
    <property name="icon-size" type="uint" value="42"/>
    <property name="tooltip-size" type="double" value="96.000000">
  </property>
</channel>


